<?xml version="1.0" encoding="UTF-8"?>
<suppressions xmlns="https://jeremylong.github.io/DependencyCheck/dependency-suppression.1.3.xsd">
    <suppress>
        <notes>
        <![CDATA[
            file: spring-security-crypto-5.4.5.jar
            packages: pkg:maven/org.springframework.security/spring-security-crypto@5.4.5, cpe:2.3:a:pivotal_software:spring_security:5.4.5:*:*:*:*:*:*:*
            This has been updated, but it still shown some vulnerabilities that shouldn't be there
            Issue reported on the DependencyCheck GitHub repo https://github.com/jeremylong/DependencyCheck/issues/1665
        ]]>
        </notes>
        <gav regex="true">.*</gav>
        <cve>CVE-2018-1258</cve>
    </suppress>
    <suppress>
        <notes><![CDATA[Suppress tomcat CVE as there is no updated version.]]></notes>
        <cve>CVE-2021-42340</cve>
    </suppress>
    <suppress>
        <notes><![CDATA[file name: jackson-databind-2.13.3.jar]]></notes>
        <packageUrl regex="true">^pkg:maven/com\.fasterxml\.jackson\.core/jackson\-databind@.*$</packageUrl>
        <cve>CVE-2022-42003</cve>
        <cve>CVE-2023-35116</cve>
    </suppress>
    <suppress>
        <notes><![CDATA[file name: jackson-databind-2.13.3.jar]]></notes>
        <packageUrl regex="true">^pkg:maven/com\.fasterxml\.jackson\.core/jackson\-databind@.*$</packageUrl>
        <cve>CVE-2022-42004</cve>
    </suppress>
    <suppress>
        <notes><![CDATA[file name: spring-core-5.2.20.RELEASE.jar]]></notes>
        <packageUrl regex="true">^pkg:maven/org\.springframework/spring\-core@.*$</packageUrl>
        <cve>CVE-2016-1000027</cve>
        <cve>CVE-2022-22968</cve>
        <cve>CVE-2023-20861</cve>
        <cve>CVE-2023-20863</cve>
    </suppress>
    <suppress>
        <notes><![CDATA[file name: android-json-0.0.20131108.vaadin1.jar]]></notes>
        <packageUrl regex="true">^pkg:maven/com\.vaadin\.external\.google/android\-json@.*$</packageUrl>
        <cve>CVE-2022-45688</cve>
        <cve>CVE-2023-5072</cve>
    </suppress>
    <suppress>
        <notes><![CDATA[file name: commons-fileupload-1.4.jar]]></notes>
        <packageUrl regex="true">^pkg:maven/commons\-fileupload/commons\-fileupload@.*$</packageUrl>
        <cve>CVE-2023-24998</cve>
    </suppress>
    <suppress>
        <notes><![CDATA[file name: jackson-core-2.13.3.jar]]></notes>
        <packageUrl regex="true">^pkg:maven/com\.fasterxml\.jackson\.core/jackson\-core@.*$</packageUrl>
        <cve>CVE-2022-45688</cve>
        <cve>CVE-2023-5072</cve>
     </suppress>
     <suppress>
        <notes><![CDATA[file name: commons-beanutils-1.9.4.jar]]></notes>
        <packageUrl regex="true">^pkg:maven/commons\-beanutils/commons\-beanutils@.*$</packageUrl>
        <cve>CVE-2021-37533</cve>
    </suppress>
    <suppress>
        <notes><![CDATA[file name: commons-codec-1.14.jar]]></notes>
        <packageUrl regex="true">^pkg:maven/commons\-codec/commons\-codec@.*$</packageUrl>
        <cve>CVE-2021-37533</cve>
    </suppress>
    <suppress>
        <notes><![CDATA[file name: commons-collections-3.2.2.jar]]></notes>
        <packageUrl regex="true">^pkg:maven/commons\-collections/commons\-collections@.*$</packageUrl>
        <cve>CVE-2021-37533</cve>
    </suppress>
    <suppress>
        <notes><![CDATA[file name: commons-configuration-1.8.jar]]></notes>
        <packageUrl regex="true">^pkg:maven/commons\-configuration/commons\-configuration@.*$</packageUrl>
        <cve>CVE-2021-37533</cve>
    </suppress>
    <suppress>
        <notes><![CDATA[file name: commons-fileupload-1.4.jar]]></notes>
        <packageUrl regex="true">^pkg:maven/commons\-fileupload/commons\-fileupload@.*$</packageUrl>
        <cve>CVE-2021-37533</cve>
    </suppress>
    <suppress>
        <notes><![CDATA[file name: commons-io-2.7.jar]]></notes>
        <packageUrl regex="true">^pkg:maven/commons\-io/commons\-io@.*$</packageUrl>
        <cve>CVE-2021-37533</cve>
    </suppress>
    <suppress>
        <notes><![CDATA[file name: commons-lang-2.6.jar]]></notes>
        <packageUrl regex="true">^pkg:maven/commons\-lang/commons\-lang@.*$</packageUrl>
        <cve>CVE-2021-37533</cve>
    </suppress>
    <suppress>
        <notes><![CDATA[file name: commons-lang3-3.9.jar]]></notes>
        <packageUrl regex="true">^pkg:maven/org\.apache\.commons/commons\-lang3@.*$</packageUrl>
        <cve>CVE-2021-37533</cve>
    </suppress>
    <suppress>
        <notes><![CDATA[file name: commons-logging-1.2.jar]]></notes>
        <packageUrl regex="true">^pkg:maven/commons\-logging/commons\-logging@.*$</packageUrl>
        <cve>CVE-2021-37533</cve>
    </suppress>
    <suppress>
        <notes><![CDATA[file name: LatencyUtils-2.0.3.jar]]></notes>
        <packageUrl regex="true">^pkg:maven/org\.latencyutils/LatencyUtils@.*$</packageUrl>
        <cve>CVE-2021-4277</cve>
    </suppress>
    <suppress>
        <notes><![CDATA[file name: bcprov-jdk15on-1.61.jar]]></notes>
        <packageUrl regex="true">^pkg:maven/org\.bouncycastle/bcprov\-jdk15on@.*$</packageUrl>
        <cve>CVE-2020-15522</cve>
    </suppress>
    <suppress>
        <notes><![CDATA[file name: snakeyaml-1.33.jar]]></notes>
        <packageUrl regex="true">^pkg:maven/org\.yaml/snakeyaml@.*$</packageUrl>
        <cve>CVE-2022-3064</cve>
        <cve>CVE-2021-4235</cve>
        <cve>CVE-2022-1471</cve>
    </suppress>
    <suppress>
        <notes><![CDATA[file name: spring-cloud-netflix-archaius-2.2.5.RELEASE.jar]]></notes>
        <packageUrl regex="true">^pkg:maven/org\.springframework\.cloud/spring\-cloud\-netflix\-archaius@.*$</packageUrl>
        <cve>CVE-2021-22053</cve>
    </suppress>
    <suppress>
        <notes><![CDATA[file name: spring-plugin-core-1.2.0.RELEASE.jar]]></notes>
        <packageUrl regex="true">^pkg:maven/org\.springframework\.plugin/spring\-plugin\-core@.*$</packageUrl>
        <cve>CVE-2023-34047</cve>
    </suppress>
    <suppress>
        <notes><![CDATA[file name: spring-plugin-metadata-1.2.0.RELEASE.jar]]></notes>
        <packageUrl regex="true">^pkg:maven/org\.springframework\.plugin/spring\-plugin\-metadata@.*$</packageUrl>
        <cve>CVE-2023-34047</cve>
    </suppress>
    <suppress>
        <notes><![CDATA[file name: spring-cloud-netflix-ribbon-2.2.5.RELEASE.jar]]></notes>
        <packageUrl regex="true">^pkg:maven/org\.springframework\.cloud/spring\-cloud\-netflix\-ribbon@.*$</packageUrl>
        <cve>CVE-2021-22053</cve>
    </suppress>
    <suppress>
        <notes><![CDATA[file name: spring-cloud-openfeign-core-2.2.5.RELEASE.jar]]></notes>
        <packageUrl regex="true">^pkg:maven/org\.springframework\.cloud/spring\-cloud\-openfeign\-core@.*$</packageUrl>
        <cve>CVE-2021-22044</cve>
    </suppress>
    <suppress>
        <notes><![CDATA[file name: spring-cloud-starter-netflix-archaius-2.2.5.RELEASE.jar]]></notes>
        <packageUrl regex="true">^pkg:maven/org\.springframework\.cloud/spring\-cloud\-starter\-netflix\-archaius@.*$</packageUrl>
        <cve>CVE-2021-22053</cve>
    </suppress>
    <suppress>
        <notes><![CDATA[file name: spring-cloud-starter-netflix-ribbon-2.2.5.RELEASE.jar]]></notes>
        <packageUrl regex="true">^pkg:maven/org\.springframework\.cloud/spring\-cloud\-starter\-netflix\-ribbon@.*$</packageUrl>
        <cve>CVE-2021-22053</cve>
    </suppress>
    <suppress>
        <notes><![CDATA[file name: spring-cloud-starter-openfeign-2.2.5.RELEASE.jar]]></notes>
        <packageUrl regex="true">^pkg:maven/org\.springframework\.cloud/spring\-cloud\-starter\-openfeign@.*$</packageUrl>
        <cve>CVE-2021-22044</cve>
    </suppress>
    <suppress>
        <notes><![CDATA[file name: spring-security-crypto-5.4.5.jar]]></notes>
        <packageUrl regex="true">^pkg:maven/org\.springframework\.security/spring\-security\-crypto@.*$</packageUrl>
        <cve>CVE-2022-22978</cve>
        <cve>CVE-2022-22976</cve>
        <cve>CVE-2021-22119</cve>
    </suppress>
    <suppress>
        <notes><![CDATA[file name: spring-aop-5.2.22.RELEASE.jar]]></notes>
        <packageUrl regex="true">^pkg:maven/org\.springframework/spring\-aop@.*$</packageUrl>
        <cve>CVE-2023-20861</cve>
        <cve>CVE-2023-20863</cve>
    </suppress>
    <suppress>
        <notes><![CDATA[file name: spring-beans-5.2.22.RELEASE.jar ]]></notes>
        <packageUrl regex="true">^pkg:maven/org\.springframework/spring\-beans@.*$</packageUrl>
        <cve>CVE-2023-20861</cve>
        <cve>CVE-2023-20863</cve>
    </suppress>
    <suppress>
        <notes><![CDATA[file name: spring-context-5.2.22.RELEASE.jar ]]></notes>
        <packageUrl regex="true">^pkg:maven/org\.springframework/spring\-context@.*$</packageUrl>
        <cve>CVE-2023-20861</cve>
        <cve>CVE-2023-20863</cve>
    </suppress>
    <suppress>
        <notes><![CDATA[file name: spring-expression-5.2.22.RELEASE.jar ]]></notes>
        <packageUrl regex="true">^pkg:maven/org\.springframework/spring\-expression@.*$</packageUrl>
        <cve>CVE-2023-20861</cve>
        <cve>CVE-2023-20863</cve>
    </suppress>
    <suppress>
        <notes><![CDATA[file name: spring-jcl-5.2.22.RELEASE.jar ]]></notes>
        <packageUrl regex="true">^pkg:maven/org\.springframework/spring\-jcl@.*$</packageUrl>
        <cve>CVE-2023-20861</cve>
        <cve>CVE-2023-20863</cve>
    </suppress>
    <suppress>
        <notes><![CDATA[file name: spring-webmvc-5.2.22.RELEASE.jar ]]></notes>
        <packageUrl regex="true">^pkg:maven/org\.springframework/spring\-webmvc@.*$</packageUrl>
        <cve>CVE-2023-20861</cve>
        <cve>CVE-2023-20863</cve>
    </suppress>
    <suppress>
        <notes><![CDATA[file name: spring-aop-5.2.22.RELEASE.jar]]></notes>
        <packageUrl regex="true">^pkg:maven/org\.springframework/spring\-aop@.*$</packageUrl>
        <cve>CVE-2023-20861</cve>
        <cve>CVE-2023-20863</cve>
    </suppress>
    <suppress>
        <notes><![CDATA[file name: tomcat-embed-core-9.0.68.jar]]></notes>
        <packageUrl regex="true">^pkg:maven/org\.apache\.tomcat\.embed/tomcat\-embed\-core@.*$</packageUrl>
        <cve>CVE-2022-45143</cve>
        <cve>CVE-2023-28708</cve>
        <cve>CVE-2023-41080</cve>
        <cve>CVE-2023-44487</cve>
        <cve>CVE-2023-42795</cve>
        <cve>CVE-2023-45648</cve>
    </suppress>
    <suppress>
        <notes><![CDATA[file name: tomcat-embed-websocket-9.0.68.jar]]></notes>
        <packageUrl regex="true">^pkg:maven/org\.apache\.tomcat\.embed/tomcat\-embed\-websocket@.*$</packageUrl>
        <cve>CVE-2022-45143</cve>
        <cve>CVE-2023-28708</cve>
        <cve>CVE-2023-41080</cve>
        <cve>CVE-2023-44487</cve>
        <cve>CVE-2023-42795</cve>
        <cve>CVE-2023-45648</cve>
    </suppress>
    <suppress>
        <notes><![CDATA[file name: guava-30.0-jre.jar]]></notes>
        <packageUrl regex="true">pkg:maven/com\.google\.guava/guava@.*$</packageUrl>
        <cve>CVE-2023-2976</cve>
        <cve>CVE-2020-8908</cve>
    </suppress>
    <suppress>
        <notes><![CDATA[file name: spring-boot-2.3.11.RELEASE.jar ]]></notes>
        <packageUrl regex="true">^pkg:maven/org\.springframework\.boot/spring\-boot@.*$</packageUrl>
        <cve>CVE-2023-20883</cve>
        <cve>CVE-2023-20873</cve>
    </suppress>
    <suppress>
        <notes><![CDATA[file name: spring-hateoas-0.25.1.RELEASE.jar ]]></notes>
        <packageUrl regex="true">^pkg:maven/org\.springframework\.hateoas/spring\-hateoas@.*$</packageUrl>
        <cve>CVE-2023-34036</cve>
    </suppress>
    <suppress>
        <notes><![CDATA[file name: spring-boot-autoconfigure-2.3.11.RELEASE.jar ]]></notes>
        <packageUrl regex="true">^pkg:maven/org\.springframework\.boot/spring\-boot\-autoconfigure@.*$</packageUrl>
        <cve>CVE-2023-20883</cve>
        <cve>CVE-2023-20873</cve>
    </suppress>
    <suppress>
        <notes><![CDATA[file name: spring-boot-actuator-2.3.11.RELEASE.jar,
file name: spring-boot-actuator-autoconfigure-2.3.11.RELEASE.jar ]]></notes>
        <packageUrl regex="true">^pkg:maven/org\.springframework\.boot/spring\-boot\-actuator.*@*$</packageUrl>
        <cve>CVE-2023-20883</cve>
        <cve>CVE-2023-20873</cve>
    </suppress>
    <suppress>
        <notes><![CDATA[file name: spring-boot-configuration-metadata-2.3.11.RELEASE.jar ]]></notes>
        <packageUrl regex="true">^pkg:maven/org\.springframework\.boot/spring\-boot\-configuration-metadata@.*$</packageUrl>
        <cve>CVE-2023-20883</cve>
        <cve>CVE-2023-20873</cve>
    </suppress>
    <suppress>
        <notes><![CDATA[file name: spring-boot-devtools-2.3.11.RELEASE.jar ]]></notes>
        <packageUrl regex="true">^pkg:maven/org\.springframework\.boot/spring\-boot\-devtools@.*$</packageUrl>
        <cve>CVE-2023-20883</cve>
        <cve>CVE-2023-20873</cve>
    </suppress>
    <suppress>
        <notes><![CDATA[file name: spring-boot-properties-migrator-2.3.11.RELEASE.jar ]]></notes>
        <packageUrl regex="true">^pkg:maven/org\.springframework\.boot/spring\-boot\-properties\-migrator@.*$</packageUrl>
        <cve>CVE-2023-20883</cve>
        <cve>CVE-2023-20873</cve>
    </suppress>
    <suppress>
        <notes><![CDATA[file name: org.springframework.boot.spring-boot-starter-2.3.11.RELEASE.jar,
file name: org.springframework.boot.spring-boot-starter-actuator@2.3.11.RELEASE,
file name: org.springframework.boot.spring-boot-starter-aop@2.3.11.RELEASE,
file name: org.springframework.boot.spring-boot-starter-json@2.3.11.RELEASE,
file name: org.springframework.boot.spring-boot-starter-logging@2.3.11.RELEASE,
file name: org.springframework.boot.spring-boot-starter-tomcat@2.3.11.RELEASE,
file name: org.springframework.boot.spring-boot-starter-validation@2.3.11.RELEASE,
file name: org.springframework.boot.spring-boot-starter-web@2.3.11.RELEASE
]]></notes>
        <packageUrl regex="true">^pkg:maven/org\.springframework\.boot/spring\-boot\-starter.*@*$</packageUrl>
        <cve>CVE-2023-20883</cve>
        <cve>CVE-2023-20873</cve>
    </suppress>
</suppressions>
